<!-- Scene Config file for the game -->

<scenes_config>
  <S_TestScene_1 scene_name = "S_TestScene_1">
    <button value="S_TestScene_1"/>
  </S_TestScene_1>
  <S_TestScene_2 scene_name = "S_TestScene_2">
    <button value="S_TestScene_2"/>
  </S_TestScene_2>
  <S_TestScene_3 scene_name = "S_TestScene_3">
    <button value="S_TestScene_3"/>
  </S_TestScene_3>
  <S_TestScene_4 scene_name = "S_TestScene_4">
    <button value="S_TestScene_4"/>
  </S_TestScene_4>
  <S_TestScene_5 scene_name = "S_TestScene_5">
    <button value="S_TestScene_5"/>
  </S_TestScene_5>
</scenes_config>